{
  "gizmos-infos": {
    "is2D": true,
    "is3DIcon": false,
    "iconSize": 2,
    "gridVisible": true,
    "gridColor": [
      166,
      166,
      166,
      255
    ],
    "transformToolName": "position",
    "pivot": "pivot",
    "coordinate": "local",
    "toolsVisibility3d": true
  },
  "__version__": "1.0.0",
  "builder": {
    "taskOptionsMap": {},
    "__version__": "1.3.7"
  },
  "snap-configs": {
    "position": {
      "x": 1,
      "y": 1,
      "z": 1
    },
    "rotation": 1,
    "scale": 1,
    "isPositionSnapEnabled": false,
    "isRotationSnapEnabled": false,
    "isScaleSnapEnabled": false
  },
  "rect-snap-configs": {
    "enableSnapping": true,
    "snapThreshold": 4
  },
  "camera-infos": {
    "b50c7e14-8bd2-4bfb-a01d-c0603c8cead7": {
      "position": {
        "x": -483.96307956530427,
        "y": 1560.5538648624943,
        "z": 5000
      },
      "rotation": {
        "x": 0,
        "y": 0,
        "z": 0,
        "w": 1
      },
      "viewCenter": {
        "x": 0,
        "y": 0,
        "z": 0
      },
      "contentRect": {
        "x": -747.8646617198831,
        "y": 1296.6522827079154,
        "width": 100,
        "height": 100
      },
      "scale": 0.1894645708137997
    },
    "27ea588d-2e50-4c6d-82a0-bd886adfdac9": {
      "position": {
        "x": 556.1085143006974,
        "y": 1018.4167310990549,
        "z": 5000
      },
      "rotation": {
        "x": 0,
        "y": 0,
        "z": 0,
        "w": 1
      },
      "viewCenter": {
        "x": 0,
        "y": 0,
        "z": 0
      },
      "contentRect": {
        "x": -1150.6094974415564,
        "y": -3.251836483678234,
        "width": 1189.8095238095239,
        "height": 620
      },
      "scale": 0.3337677313561732
    },
    "ce9dc67d-189f-4e04-82f3-f7f4321e90fe": {
      "position": {
        "x": 385.4311942709744,
        "y": 947.2508990617964,
        "z": 5000
      },
      "rotation": {
        "x": 0,
        "y": 0,
        "z": 0,
        "w": 1
      },
      "viewCenter": {
        "x": 0,
        "y": 0,
        "z": 0
      },
      "contentRect": {
        "x": 202.74090142931556,
        "y": 764.5606062201377,
        "width": 100,
        "height": 100
      },
      "scale": 0.2736872289286655
    },
    "c77ecaa8-c936-46c4-a5b0-98692673ed87": {
      "position": {
        "x": 301.8866666666667,
        "y": 539.5629640718564,
        "z": 5000
      },
      "rotation": {
        "x": 0,
        "y": 0,
        "z": 0,
        "w": 1
      },
      "viewCenter": {
        "x": 0,
        "y": 0,
        "z": 0
      },
      "contentRect": {
        "x": 0,
        "y": -5.859784536885764e-14,
        "width": 324,
        "height": 577.185628742515
      },
      "scale": 0.9700598802395209
    },
    "aca8992a-6cd0-46de-aed6-8f84dcbb4934": {
      "position": {
        "x": 604.5,
        "y": 314.99999999999994,
        "z": 5000
      },
      "rotation": {
        "x": 0,
        "y": 0,
        "z": 0,
        "w": 1
      },
      "viewCenter": {
        "x": 0,
        "y": 0,
        "z": 0
      },
      "contentRect": {
        "x": 0,
        "y": 0,
        "width": 1189.8095238095239,
        "height": 620
      },
      "scale": 0.9841269841269842
    }
  },
  "camera-uuids": [
    "b50c7e14-8bd2-4bfb-a01d-c0603c8cead7",
    "27ea588d-2e50-4c6d-82a0-bd886adfdac9",
    "ce9dc67d-189f-4e04-82f3-f7f4321e90fe",
    "c77ecaa8-c936-46c4-a5b0-98692673ed87",
    "aca8992a-6cd0-46de-aed6-8f84dcbb4934"
  ],
  "camera": {
    "color": [
      48,
      48,
      48,
      255
    ],
    "fov": 45,
    "far": 10000,
    "near": 0.01,
    "wheelSpeed": 0.01,
    "wanderSpeed": 10,
    "enableAcceleration": true,
    "size": "__default_design__",
    "far2D": 10000,
    "near2D": 1,
    "wheelSpeed2D": 6,
    "iso": 0,
    "aperture": 19,
    "shutter": 7
  },
  "scene_view": {
    "isSceneLightOn": true,
    "output_device": "__default_design__"
  },
  "game-view": {
    "scaleValue": 31,
    "sliderValue": 11,
    "fullScreen": false
  },
  "float-window": {
    "position": {
      "cc": {
        "Camera": {
          "dock": false,
          "top": null,
          "bottom": 10,
          "left": null,
          "right": 10
        }
      }
    }
  }
}
