{
  "gizmos-infos": {
    "is2D": true,
    "is3DIcon": false,
    "iconSize": 2,
    "gridVisible": true,
    "gridColor": [
      166,
      166,
      166,
      255
    ],
    "transformToolName": "position",
    "pivot": "pivot",
    "coordinate": "local",
    "toolsVisibility3d": true
  },
  "__version__": "1.0.0",
  "builder": {
    "taskOptionsMap": {},
    "__version__": "1.3.7"
  },
  "snap-configs": {
    "position": {
      "x": 1,
      "y": 1,
      "z": 1
    },
    "rotation": 1,
    "scale": 1,
    "isPositionSnapEnabled": false,
    "isRotationSnapEnabled": false,
    "isScaleSnapEnabled": false
  },
  "rect-snap-configs": {
    "enableSnapping": true,
    "snapThreshold": 4
  },
  "camera-infos": {
    "b50c7e14-8bd2-4bfb-a01d-c0603c8cead7": {
      "position": {
        "x": -483.96307956530427,
        "y": 1560.5538648624943,
        "z": 5000
      },
      "rotation": {
        "x": 0,
        "y": 0,
        "z": 0,
        "w": 1
      },
      "viewCenter": {
        "x": 0,
        "y": 0,
        "z": 0
      },
      "contentRect": {
        "x": -747.8646617198831,
        "y": 1296.6522827079154,
        "width": 100,
        "height": 100
      },
      "scale": 0.1894645708137997
    },
    "27ea588d-2e50-4c6d-82a0-bd886adfdac9": {
      "position": {
        "x": 652.2052884526981,
        "y": 855.9819310994907,
        "z": 5000
      },
      "rotation": {
        "x": 0,
        "y": 0,
        "z": 0,
        "w": 1
      },
      "viewCenter": {
        "x": 0,
        "y": 0,
        "z": 0
      },
      "contentRect": {
        "x": 95.95185364996064,
        "y": 566.1228211526548,
        "width": 1189.8095238095239,
        "height": 620
      },
      "scale": 1.0694851028034214
    },
    "87d6e8ac-82db-49a1-9c92-03262c697900": {
      "position": {
        "x": 540,
        "y": 960,
        "z": 5000
      },
      "rotation": {
        "x": 0,
        "y": 0,
        "z": 0,
        "w": 1
      },
      "viewCenter": {
        "x": 0,
        "y": 0,
        "z": 0
      },
      "contentRect": {
        "x": -26.351063829787222,
        "y": 612.5,
        "width": 940,
        "height": 125
      },
      "scale": 1
    },
    "72c1379a-3223-4a5d-915b-ceb6809b933b": {
      "position": {
        "x": 540,
        "y": 960,
        "z": 5000
      },
      "rotation": {
        "x": 0,
        "y": 0,
        "z": 0,
        "w": 1
      },
      "viewCenter": {
        "x": 0,
        "y": 0,
        "z": 0
      },
      "contentRect": {
        "x": 70,
        "y": 897.5,
        "width": 940,
        "height": 125
      },
      "scale": 1
    },
    "ce9dc67d-189f-4e04-82f3-f7f4321e90fe": {
      "position": {
        "x": 529.8499960768027,
        "y": 958.1934890610746,
        "z": 5000
      },
      "rotation": {
        "x": 0,
        "y": 0,
        "z": 0,
        "w": 1
      },
      "viewCenter": {
        "x": 0,
        "y": 0,
        "z": 0
      },
      "contentRect": {
        "x": 521.4332874819789,
        "y": 949.7767804662509,
        "width": 100,
        "height": 100
      },
      "scale": 5.940564466108536
    },
    "d29c90de-7402-4ab1-b184-1b4ed0c3f1a6": {
      "position": {
        "x": 510.3703148456682,
        "y": 972.9585193758016,
        "z": 5000
      },
      "rotation": {
        "x": 0,
        "y": 0,
        "z": 0,
        "w": 1
      },
      "viewCenter": {
        "x": 0,
        "y": 0,
        "z": 0
      },
      "contentRect": {
        "x": 501.6531669309781,
        "y": 964.2413714611117,
        "width": 100,
        "height": 100
      },
      "scale": 5.735820992063296
    },
    "c77ecaa8-c936-46c4-a5b0-98692673ed87": {
      "position": {
        "x": 305.6266666666667,
        "y": 546.1977245508983,
        "z": 5000
      },
      "rotation": {
        "x": 0,
        "y": 0,
        "z": 0,
        "w": 1
      },
      "viewCenter": {
        "x": 0,
        "y": 0,
        "z": 0
      },
      "contentRect": {
        "x": 0,
        "y": -5.859784536885764e-14,
        "width": 324,
        "height": 577.185628742515
      },
      "scale": 0.9700598802395209
    },
    "aca8992a-6cd0-46de-aed6-8f84dcbb4934": {
      "position": {
        "x": 513.6159094850973,
        "y": 1689.2749930508935,
        "z": 5000
      },
      "rotation": {
        "x": 0,
        "y": 0,
        "z": 0,
        "w": 1
      },
      "viewCenter": {
        "x": 0,
        "y": 0,
        "z": 0
      },
      "contentRect": {
        "x": -164.86437450616972,
        "y": 1272.9750798969828,
        "width": 1132.7021276595744,
        "height": 695
      },
      "scale": 0.8347347405559643
    }
  },
  "camera-uuids": [
    "b50c7e14-8bd2-4bfb-a01d-c0603c8cead7",
    "27ea588d-2e50-4c6d-82a0-bd886adfdac9",
    "87d6e8ac-82db-49a1-9c92-03262c697900",
    "72c1379a-3223-4a5d-915b-ceb6809b933b",
    "ce9dc67d-189f-4e04-82f3-f7f4321e90fe",
    "d29c90de-7402-4ab1-b184-1b4ed0c3f1a6",
    "c77ecaa8-c936-46c4-a5b0-98692673ed87",
    "aca8992a-6cd0-46de-aed6-8f84dcbb4934"
  ],
  "camera": {
    "color": [
      48,
      48,
      48,
      255
    ],
    "fov": 45,
    "far": 10000,
    "near": 0.01,
    "wheelSpeed": 0.01,
    "wanderSpeed": 10,
    "enableAcceleration": true,
    "size": "__default_design__",
    "far2D": 10000,
    "near2D": 1,
    "wheelSpeed2D": 6,
    "iso": 0,
    "aperture": 19,
    "shutter": 7
  },
  "scene_view": {
    "isSceneLightOn": true,
    "output_device": "__default_design__"
  },
  "game-view": {
    "scaleValue": 31,
    "sliderValue": 12,
    "fullScreen": true
  },
  "float-window": {
    "position": {
      "cc": {
        "Camera": {
          "dock": false,
          "top": null,
          "bottom": 10,
          "left": null,
          "right": 10
        }
      }
    }
  }
}
