{
  "gizmos-infos": {
    "is2D": true,
    "is3DIcon": false,
    "iconSize": 2,
    "gridVisible": true,
    "gridColor": [
      166,
      166,
      166,
      255
    ],
    "transformToolName": "position",
    "pivot": "pivot",
    "coordinate": "local",
    "toolsVisibility3d": true
  },
  "__version__": "1.0.0",
  "builder": {
    "taskOptionsMap": {},
    "__version__": "1.3.7"
  },
  "snap-configs": {
    "position": {
      "x": 1,
      "y": 1,
      "z": 1
    },
    "rotation": 1,
    "scale": 1,
    "isPositionSnapEnabled": false,
    "isRotationSnapEnabled": false,
    "isScaleSnapEnabled": false
  },
  "rect-snap-configs": {
    "enableSnapping": true,
    "snapThreshold": 4
  },
  "camera-infos": {
    "b50c7e14-8bd2-4bfb-a01d-c0603c8cead7": {
      "position": {
        "x": -483.96307956530427,
        "y": 1560.5538648624943,
        "z": 5000
      },
      "rotation": {
        "x": 0,
        "y": 0,
        "z": 0,
        "w": 1
      },
      "viewCenter": {
        "x": 0,
        "y": 0,
        "z": 0
      },
      "contentRect": {
        "x": -747.8646617198831,
        "y": 1296.6522827079154,
        "width": 100,
        "height": 100
      },
      "scale": 0.1894645708137997
    },
    "ffa39152-e1c3-47b8-8218-827b0c92e282": {
      "position": {
        "x": 2690.8671665881375,
        "y": 2258.0838003779972,
        "z": 5000
      },
      "rotation": {
        "x": 0,
        "y": 0,
        "z": 0,
        "w": 1
      },
      "viewCenter": {
        "x": 0,
        "y": 0,
        "z": 0
      },
      "contentRect": {
        "x": 810.4779498685085,
        "y": -1084.83036267912,
        "width": 344.8125,
        "height": 613
      },
      "scale": 0.0916864702621331
    },
    "d29c90de-7402-4ab1-b184-1b4ed0c3f1a6": {
      "position": {
        "x": 524.2733756286843,
        "y": 958.6530277567708,
        "z": 5000
      },
      "rotation": {
        "x": 0,
        "y": 0,
        "z": 0,
        "w": 1
      },
      "viewCenter": {
        "x": 0,
        "y": 0,
        "z": 0
      },
      "contentRect": {
        "x": 512.1151887860307,
        "y": 946.4948409141173,
        "width": 100,
        "height": 100
      },
      "scale": 4.1124553066242475
    },
    "72c1379a-3223-4a5d-915b-ceb6809b933b": {
      "position": {
        "x": 477.74514684897844,
        "y": 1091.9328633231896,
        "z": 5000
      },
      "rotation": {
        "x": 0,
        "y": 0,
        "z": 0,
        "w": 1
      },
      "viewCenter": {
        "x": 0,
        "y": 0,
        "z": 0
      },
      "contentRect": {
        "x": -125.46502500558799,
        "y": 1011.7187447255078,
        "width": 940,
        "height": 125
      },
      "scale": 0.779164579660498
    },
    "27ea588d-2e50-4c6d-82a0-bd886adfdac9": {
      "position": {
        "x": 555.7002734163375,
        "y": 992.3427358103376,
        "z": 5000
      },
      "rotation": {
        "x": 0,
        "y": 0,
        "z": 0,
        "w": 1
      },
      "viewCenter": {
        "x": 0,
        "y": 0,
        "z": 0
      },
      "contentRect": {
        "x": -287.42227289248495,
        "y": 552.9984809099586,
        "width": 1189.8095238095239,
        "height": 620
      },
      "scale": 0.7055970268014369
    },
    "f2b56304-4da7-4ca5-9be8-eea9441bb170": {
      "position": {
        "x": 522.7708112928887,
        "y": 979.4057417609804,
        "z": 5000
      },
      "rotation": {
        "x": 0,
        "y": 0,
        "z": 0,
        "w": 1
      },
      "viewCenter": {
        "x": 0,
        "y": 0,
        "z": 0
      },
      "contentRect": {
        "x": 514.2600805030312,
        "y": 970.8950109711228,
        "width": 70,
        "height": 70
      },
      "scale": 4.112455306624256
    },
    "2c838e78-cf85-4cee-b5cf-6ed832a8ce8f": {
      "position": {
        "x": 445.200182057103,
        "y": 919.8125947507158,
        "z": 5000
      },
      "rotation": {
        "x": 0,
        "y": 0,
        "z": 0,
        "w": 1
      },
      "viewCenter": {
        "x": 0,
        "y": 0,
        "z": 0
      },
      "contentRect": {
        "x": 407.92408357776856,
        "y": 882.5364962713812,
        "width": 113,
        "height": 113
      },
      "scale": 1.5157165665103898
    },
    "87d6e8ac-82db-49a1-9c92-03262c697900": {
      "position": {
        "x": 283.03014681261214,
        "y": 1062.5092178989403,
        "z": 5000
      },
      "rotation": {
        "x": 0,
        "y": 0,
        "z": 0,
        "w": 1
      },
      "viewCenter": {
        "x": 0,
        "y": 0,
        "z": 0
      },
      "contentRect": {
        "x": -372.4993763720814,
        "y": 975.3377387520395,
        "width": 940,
        "height": 125
      },
      "scale": 0.7169776240079104
    },
    "3154024e-ddbb-4837-8e18-98c7ba84e249": {
      "position": {
        "x": 540,
        "y": 910,
        "z": 5000
      },
      "rotation": {
        "x": 0,
        "y": 0,
        "z": 0,
        "w": 1
      },
      "viewCenter": {
        "x": 0,
        "y": 0,
        "z": 0
      },
      "contentRect": {
        "x": 367.59375,
        "y": 603.5,
        "width": 825,
        "height": 100
      },
      "scale": 1
    },
    "c77ecaa8-c936-46c4-a5b0-98692673ed87": {
      "position": {
        "x": 540,
        "y": 960.0000000000001,
        "z": 5000
      },
      "rotation": {
        "x": 0,
        "y": 0,
        "z": 0,
        "w": 1
      },
      "viewCenter": {
        "x": 0,
        "y": 0,
        "z": 0
      },
      "contentRect": {
        "x": 468.75,
        "y": 0,
        "width": 1485,
        "height": 990
      },
      "scale": 0.99
    },
    "ce9dc67d-189f-4e04-82f3-f7f4321e90fe": {
      "position": {
        "x": 514.1647540584546,
        "y": 906.3744286379556,
        "z": 5000
      },
      "rotation": {
        "x": 0,
        "y": 0,
        "z": 0,
        "w": 1
      },
      "viewCenter": {
        "x": 0,
        "y": 0,
        "z": 0
      },
      "contentRect": {
        "x": 297.7870359534334,
        "y": 764.9524368047217,
        "width": 100,
        "height": 100
      },
      "scale": 2.3794036248393655
    },
    "aca8992a-6cd0-46de-aed6-8f84dcbb4934": {
      "position": {
        "x": -1174.210140416114,
        "y": 533.2319507571076,
        "z": 5000
      },
      "rotation": {
        "x": 0,
        "y": 0,
        "z": 0,
        "w": 1
      },
      "viewCenter": {
        "x": 0,
        "y": 0,
        "z": 0
      },
      "contentRect": {
        "x": -3030.275865114829,
        "y": -723.3380927889201,
        "width": 533.2291105121294,
        "height": 361
      },
      "scale": 0.1436449968921994
    },
    "25dd6eb1-ebfd-4b8e-bd0e-2243f9c6dfbf": {
      "position": {
        "x": 476.725914772906,
        "y": 741.8113265299006,
        "z": 5000
      },
      "rotation": {
        "x": 0,
        "y": 0,
        "z": 0,
        "w": 1
      },
      "viewCenter": {
        "x": 0,
        "y": 0,
        "z": 0
      },
      "contentRect": {
        "x": -1858.404203798098,
        "y": -784.4029040767934,
        "width": 1029.6998535871157,
        "height": 673
      },
      "scale": 0.2204801876773459
    }
  },
  "camera-uuids": [
    "b50c7e14-8bd2-4bfb-a01d-c0603c8cead7",
    "ffa39152-e1c3-47b8-8218-827b0c92e282",
    "d29c90de-7402-4ab1-b184-1b4ed0c3f1a6",
    "72c1379a-3223-4a5d-915b-ceb6809b933b",
    "27ea588d-2e50-4c6d-82a0-bd886adfdac9",
    "f2b56304-4da7-4ca5-9be8-eea9441bb170",
    "2c838e78-cf85-4cee-b5cf-6ed832a8ce8f",
    "87d6e8ac-82db-49a1-9c92-03262c697900",
    "3154024e-ddbb-4837-8e18-98c7ba84e249",
    "c77ecaa8-c936-46c4-a5b0-98692673ed87",
    "ce9dc67d-189f-4e04-82f3-f7f4321e90fe",
    "aca8992a-6cd0-46de-aed6-8f84dcbb4934",
    "25dd6eb1-ebfd-4b8e-bd0e-2243f9c6dfbf"
  ],
  "camera": {
    "color": [
      48,
      48,
      48,
      255
    ],
    "fov": 45,
    "far": 10000,