{
  "gizmos-infos": {
    "is2D": true,
    "is3DIcon": false,
    "iconSize": 2,
    "gridVisible": true,
    "gridColor": [
      166,
      166,
      166,
      255
    ],
    "transformToolName": "position",
    "pivot": "pivot",
    "coordinate": "local",
    "toolsVisibility3d": true
  },
  "__version__": "1.0.0",
  "builder": {
    "taskOptionsMap": {},
    "__version__": "1.3.7"
  },
  "snap-configs": {
    "position": {
      "x": 1,
      "y": 1,
      "z": 1
    },
    "rotation": 1,
    "scale": 1,
    "isPositionSnapEnabled": false,
    "isRotationSnapEnabled": false,
    "isScaleSnapEnabled": false
  },
  "rect-snap-configs": {
    "enableSnapping": true,
    "snapThreshold": 4
  },
  "camera-infos": {
    "b50c7e14-8bd2-4bfb-a01d-c0603c8cead7": {
      "position": {
        "x": -483.96307956530427,
        "y": 1560.5538648624943,
        "z": 5000
      },
      "rotation": {
        "x": 0,
        "y": 0,
        "z": 0,
        "w": 1
      },
      "viewCenter": {
        "x": 0,
        "y": 0,
        "z": 0
      },
      "contentRect": {
        "x": -747.8646617198831,
        "y": 1296.6522827079154,
        "width": 100,
        "height": 100
      },
      "scale": 0.1894645708137997
    },
    "27ea588d-2e50-4c6d-82a0-bd886adfdac9": {
      "position": {
        "x": 652.2052884526981,
        "y": 855.9819310994907,
        "z": 5000
      },
      "rotation": {
        "x": 0,
        "y": 0,
        "z": 0,
        "w": 1
      },
      "viewCenter": {
        "x": 0,
        "y": 0,
        "z": 0
      },
      "contentRect": {
        "x": 95.95185364996064,
        "y": 566.1228211526548,
        "width": 1189.8095238095239,
        "height": 620
      },
      "scale": 1.0694851028034214
    },
    "87d6e8ac-82db-49a1-9c92-03262c697900": {
      "position": {
        "x": 464.09080336953735,
        "y": 1056.0064505421963,
        "z": 5000
      },
      "rotation": {
        "x": 0,
        "y": 0,
        "z": 0,
        "w": 1
      },
      "viewCenter": {
        "x": 0,
        "y": 0,
        "z": 0
      },
      "contentRect": {
        "x": 31.60260757584564,
        "y": 998.4947223781414,
        "width": 940,
        "height": 125
      },
      "scale": 1.086734862526057
    },
    "72c1379a-3223-4a5d-915b-ceb6809b933b": {
      "position": {
        "x": 477.74514684897844,
        "y": 1091.9328633231896,
        "z": 5000
      },
      "rotation": {
        "x": 0,
        "y": 0,
        "z": 0,
        "w": 1
      },
      "viewCenter": {
        "x": 0,
        "y": 0,
        "z": 0
      },
      "contentRect": {
        "x": -125.46502500558799,
        "y": 1011.7187447255078,
        "width": 940,
        "height": 125
      },
      "scale": 0.779164579660498
    },
    "ce9dc67d-189f-4e04-82f3-f7f4321e90fe": {
      "position": {
        "x": 694.6214700444599,
        "y": 873.1786971442461,
        "z": 5000
      },
      "rotation": {
        "x": 0,
        "y": 0,
        "z": 0,
        "w": 1
      },
      "viewCenter": {
        "x": 0,
        "y": 0,
        "z": 0
      },
      "contentRect": {
        "x": 657.0059490128658,
        "y": 835.5631761126521,
        "width": 100,
        "height": 100
      },
      "scale": 1.3292385331577306
    },
    "d29c90de-7402-4ab1-b184-1b4ed0c3f1a6": {
      "position": {
        "x": 524.2733756286843,
        "y": 958.6530277567709,
        "z": 5000
      },
      "rotation": {
        "x": 0,
        "y": 0,
        "z": 0,
        "w": 1
      },
      "viewCenter": {
        "x": 0,
        "y": 0,
        "z": 0
      },
      "contentRect": {
        "x": 512.1151887860307,
        "y": 946.4948409141173,
        "width": 100,
        "height": 100
      },
      "scale": 4.1124553066242475
    },
    "c77ecaa8-c936-46c4-a5b0-98692673ed87": {
      "position": {
        "x": 540,
        "y": 960,
        "z": 5000
      },
      "rotation": {
        "x": 0,
        "y": 0,
        "z": 0,
        "w": 1
      },
      "viewCenter": {
        "x": 0,
        "y": 0,
        "z": 0
      },
      "contentRect": {
        "x": -1008.1318681318681,
        "y": 0,
        "width": 403.875,
        "height": 718
      },
      "scale": 0.37395833333333334
    },
    "aca8992a-6cd0-46de-aed6-8f84dcbb4934": {
      "position": {
        "x": 1216.3394934852806,
        "y": 411.69809443006307,
        "z": 5000
      },
      "rotation": {
        "x": 0,
        "y": 0,
        "z": 0,
        "w": 1
      },
      "viewCenter": {
        "x": 0,
        "y": 0,
        "z": 0
      },
      "contentRect": {
        "x": -1881.8650810094941,
        "y": -1211.296635820607,
        "width": 1154.9105691056911,
        "height": 605
      },
      "scale": 0.18638384608511896
    }
  },
  "camera-uuids": [
    "b50c7e14-8bd2-4bfb-a01d-c0603c8cead7",
    "27ea588d-2e50-4c6d-82a0-bd886adfdac9",
    "87d6e8ac-82db-49a1-9c92-03262c697900",
    "72c1379a-3223-4a5d-915b-ceb6809b933b",
    "ce9dc67d-189f-4e04-82f3-f7f4321e90fe",
    "d29c90de-7402-4ab1-b184-1b4ed0c3f1a6",
    "c77ecaa8-c936-46c4-a5b0-98692673ed87",
    "aca8992a-6cd0-46de-aed6-8f84dcbb4934"
  ],
  "camera": {
    "color": [
      48,
      48,
      48,
      255
    ],
    "fov": 45,
    "far": 10000,
    "near": 0.01,
    "wheelSpeed": 0.01,
    "wanderSpeed": 10,
    "enableAcceleration": true,
    "size": "__default_design__",
    "far2D": 10000,
    "near2D": 1,
    "wheelSpeed2D": 6,
    "iso": 0,
    "aperture": 19,
    "shutter": 7
  },
  "scene_view": {
    "isSceneLightOn": true,
    "output_device": "__default_design__"
  },
  "game-view": {
    "scaleValue": 31,
    "sliderValue": 12,
    "fullScreen": true
  },
  "float-window": {
    "position": {
      "cc": {
        "Camera": {
          "dock": false,
          "top": null,
          "bottom": 10,
          "left": null,
          "right": 10
        }
      }
    }
  }
}
